Token,Item Name,Description,Category,SKU,Variation Name,Price,Current Quantity Eamon's Art,New Quantity Eamon's Art,Stock Alert Enabled Eamon's Art,Stock Alert Count Eamon's Art
,ITEM0,Dsasd,ITEM,0637792505002,ITEM,67,,766,,
,ITEM1,Hont,ITEM,0637792505002,ITEM,65,,11,,
,ITEM2,Ytree,ITEM,0637792505002,ITEM,567,,22,,
,ITEM3,Iugffghn,ITEM,0637792505002,ITEM,111,,898,,
,ITEM4,Yutre,ITEM,0637792505002,ITEM,76,,432,,
,ITEM5,Necklave,ITEM,0637792505002,ITEM,111,,898,,
,ITEM6,Uiyt,ITEM,0637792505002,ITEM,54,,1,,
,ITEM7,Hhhggghhh,ITEM,0637792505002,ITEM,43,,888,,
,ITEM8,Jone,ITEM,0637792505002,ITEM,99,,7,,
,ITEM9,Print,ITEM,0637792505002,ITEM,55,,999,,
